{
  "code": 200,
  "message": "SUCCESS",
  "data": [
    {
      "fohStoreNo": "54046",
      "longitude": "121.48211286",
      "latitude": "31.23249809",
      "orderCount": 15,
      "onlineCount": 14,
      "offlineCount": 1,
      "goodsCount": 44,
      "simulationOrderResVOS": [
        {
          "orderId": "72057597515673205",
          "onlineType": 1,
          "goodsCount": "4",
          "longitude": "121.482113",
          "latitude": "31.232498",
          "originFohStoreNo": null,
          "finalFohStoreNo": null,
          "onlineGoodsCount": null,
          "orderTime": "2021-10-15T01:03:37.000+0000"
        },
        {
          "orderId": "72057597515673205",
          "onlineType": 1,
          "goodsCount": "4",
          "longitude": "121.482113",
          "latitude": "31.232498",
          "originFohStoreNo": null,
          "finalFohStoreNo": null,
          "onlineGoodsCount": null,
          "orderTime": "2021-10-15T01:03:37.000+0000"
        },
        {
          "orderId": "72057597515673205",
          "onlineType": 1,
          "goodsCount": "4",
          "longitude": "121.482113",
          "latitude": "31.232498",
          "originFohStoreNo": null,
          "finalFohStoreNo": null,
          "onlineGoodsCount": null,
          "orderTime": "2021-10-15T01:03:37.000+0000"
        },
        {
          "orderId": "72057597515673205",
          "onlineType": 1,
          "goodsCount": "4",
          "longitude": "121.482113",
          "latitude": "31.232498",
          "originFohStoreNo": null,
          "finalFohStoreNo": null,
          "onlineGoodsCount": null,
          "orderTime": "2021-10-15T01:03:37.000+0000"
        },
        {
          "orderId": "72057597515103031",
          "onlineType": 1,
          "goodsCount": "5",
          "longitude": "121.482113",
          "latitude": "31.232498",
          "originFohStoreNo": null,
          "finalFohStoreNo": null,
          "onlineGoodsCount": null,
          "orderTime": "2021-10-15T00:45:14.000+0000"
        },
        {
          "orderId": "72057597515103031",
          "onlineType": 1,
          "goodsCount": "5",
          "longitude": "121.482113",
          "latitude": "31.232498",
          "originFohStoreNo": null,
          "finalFohStoreNo": null,
          "onlineGoodsCount": null,
          "orderTime": "2021-10-15T00:45:14.000+0000"
        },
        {
          "orderId": "72057597515103031",
          "onlineType": 1,
          "goodsCount": "5",
          "longitude": "121.482113",
          "latitude": "31.232498",
          "originFohStoreNo": null,
          "finalFohStoreNo": null,
          "onlineGoodsCount": null,
          "orderTime": "2021-10-15T00:45:14.000+0000"
        },
        {
          "orderId": "72057597515103031",
          "onlineType": 1,
          "goodsCount": "5",
          "longitude": "121.482113",
          "latitude": "31.232498",
          "originFohStoreNo": null,
          "finalFohStoreNo": null,
          "onlineGoodsCount": null,
          "orderTime": "2021-10-15T00:45:14.000+0000"
        },
        {
          "orderId": "72057597514858012",
          "onlineType": 1,
          "goodsCount": "3",
          "longitude": "121.482113",
          "latitude": "31.232498",
          "originFohStoreNo": null,
          "finalFohStoreNo": null,
          "onlineGoodsCount": null,
          "orderTime": "2021-10-15T00:33:21.000+0000"
        },
        {
          "orderId": "72057597514858012",
          "onlineType": 1,
          "goodsCount": "3",
          "longitude": "121.482113",
          "latitude": "31.232498",
          "originFohStoreNo": null,
          "finalFohStoreNo": null,
          "onlineGoodsCount": null,
          "orderTime": "2021-10-15T00:33:21.000+0000"
        },
        {
          "orderId": "72057597514858012",
          "onlineType": 1,
          "goodsCount": "3",
          "longitude": "121.482113",
          "latitude": "31.232498",
          "originFohStoreNo": null,
          "finalFohStoreNo": null,
          "onlineGoodsCount": null,
          "orderTime": "2021-10-15T00:33:21.000+0000"
        },
        {
          "orderId": "72057597514541734",
          "onlineType": 1,
          "goodsCount": "2",
          "longitude": "121.482113",
          "latitude": "31.232498",
          "originFohStoreNo": null,
          "finalFohStoreNo": null,
          "onlineGoodsCount": null,
          "orderTime": "2021-10-15T00:08:04.000+0000"
        },
        {
          "orderId": "72057597514541734",
          "onlineType": 1,
          "goodsCount": "2",
          "longitude": "121.482113",
          "latitude": "31.232498",
          "originFohStoreNo": null,
          "finalFohStoreNo": null,
          "onlineGoodsCount": null,
          "orderTime": "2021-10-15T00:08:04.000+0000"
        },
        {
          "orderId": "72057597514460833",
          "onlineType": 1,
          "goodsCount": "1",
          "longitude": "121.482113",
          "latitude": "31.232498",
          "originFohStoreNo": null,
          "finalFohStoreNo": null,
          "onlineGoodsCount": null,
          "orderTime": "2021-10-15T00:02:47.000+0000"
        }
      ],
      "onlineGoodsCount": 43,
      "storeName": "上海世界贸易大厦店",
      "str": "4+4+4+4+5+5+5+5+3+3+3+2+2+1",
      "arr": [4, 4, 4, 4, 5, 5, 5, 5, 3, 3, 3, 2, 2, 1],
      "timeArr": [
        "2021-10-15 09:03:37",
        "2021-10-15 09:03:37",
        "2021-10-15 09:03:37",
        "2021-10-15 09:03:37",
        "2021-10-15 08:45:14",
        "2021-10-15 08:45:14",
        "2021-10-15 08:45:14",
        "2021-10-15 08:45:14",
        "2021-10-15 08:33:21",
        "2021-10-15 08:33:21",
        "2021-10-15 08:33:21",
        "2021-10-15 08:08:04",
        "2021-10-15 08:08:04",
        "2021-10-15 08:02:47"
      ],
      "timeStr": "2021-10-15 09:03:37+2021-10-15 09:03:37+2021-10-15 09:03:37+2021-10-15 09:03:37+2021-10-15 08:45:14+2021-10-15 08:45:14+2021-10-15 08:45:14+2021-10-15 08:45:14+2021-10-15 08:33:21+2021-10-15 08:33:21+2021-10-15 08:33:21+2021-10-15 08:08:04+2021-10-15 08:08:04+2021-10-15 08:02:47",
      "sumStr": 50
    },
    {
      "fohStoreNo": "48762",
      "longitude": "121.44849332",
      "latitude": "31.22675926",
      "orderCount": 14,
      "onlineCount": 10,
      "offlineCount": 4,
      "goodsCount": 65,
      "simulationOrderResVOS": [
        {
          "orderId": "72057597515426209",
          "onlineType": 1,
          "goodsCount": "9",
          "longitude": "121.445473",
          "latitude": "31.224922",
          "originFohStoreNo": null,
          "finalFohStoreNo": null,
          "onlineGoodsCount": null,
          "orderTime": "2021-10-15T01:24:07.000+0000"
        },
        {
          "orderId": "72057597515426209",
          "onlineType": 1,
          "goodsCount": "9",
          "longitude": "121.445473",
          "latitude": "31.224922",
          "originFohStoreNo": null,
          "finalFohStoreNo": null,
          "onlineGoodsCount": null,
          "orderTime": "2021-10-15T01:24:07.000+0000"
        },
        {
          "orderId": "72057597515426209",
          "onlineType": 1,
          "goodsCount": "9",
          "longitude": "121.445473",
          "latitude": "31.224922",
          "originFohStoreNo": null,
          "finalFohStoreNo": null,
          "onlineGoodsCount": null,
          "orderTime": "2021-10-15T01:24:07.000+0000"
        },
        {
          "orderId": "72057597515426209",
          "onlineType": 1,
          "goodsCount": "9",
          "longitude": "121.445473",
          "latitude": "31.224922",
          "originFohStoreNo": null,
          "finalFohStoreNo": null,
          "onlineGoodsCount": null,
          "orderTime": "2021-10-15T01:24:07.000+0000"
        },
        {
          "orderId": "72057597515426209",
          "onlineType": 1,
          "goodsCount": "9",
          "longitude": "121.445473",
          "latitude": "31.224922",
          "originFohStoreNo": null,
          "finalFohStoreNo": null,
          "onlineGoodsCount": null,
          "orderTime": "2021-10-15T01:24:07.000+0000"
        },
        {
          "orderId": "72057597515426209",
          "onlineType": 1,
          "goodsCount": "9",
          "longitude": "121.445473",
          "latitude": "31.224922",
          "originFohStoreNo": null,
          "finalFohStoreNo": null,
          "onlineGoodsCount": null,
          "orderTime": "2021-10-15T01:24:07.000+0000"
        },
        {
          "orderId": "72057597515426209",
          "onlineType": 1,
          "goodsCount": "9",
          "longitude": "121.445473",
          "latitude": "31.224922",
          "originFohStoreNo": null,
          "finalFohStoreNo": null,
          "onlineGoodsCount": null,
          "orderTime": "2021-10-15T01:24:07.000+0000"
        },
        {
          "orderId": "72057597515426209",
          "onlineType": 1,
          "goodsCount": "9",
          "longitude": "121.445473",
          "latitude": "31.224922",
          "originFohStoreNo": null,
          "finalFohStoreNo": null,
          "onlineGoodsCount": null,
          "orderTime": "2021-10-15T01:24:07.000+0000"
        },
        {
          "orderId": "72057597515426209",
          "onlineType": 1,
          "goodsCount": "9",
          "longitude": "121.445473",
          "latitude": "31.224922",
          "originFohStoreNo": null,
          "finalFohStoreNo": null,
          "onlineGoodsCount": null,
          "orderTime": "2021-10-15T01:24:07.000+0000"
        },
        {
          "orderId": "72057597515247208",
          "onlineType": 1,
          "goodsCount": "1",
          "longitude": "121.448493",
          "latitude": "31.226759",
          "originFohStoreNo": null,
          "finalFohStoreNo": null,
          "onlineGoodsCount": null,
          "orderTime": "2021-10-15T01:12:38.000+0000"
        }
      ],
      "onlineGoodsCount": 37,
      "storeName": "SOHO东海店",
      "str": "9+9+9+9+9+9+9+9+9+1",
      "arr": [9, 9, 9, 9, 9, 9, 9, 9, 9, 1],
      "timeArr": [
        "2021-10-15 09:24:07",
        "2021-10-15 09:24:07",
        "2021-10-15 09:24:07",
        "2021-10-15 09:24:07",
        "2021-10-15 09:24:07",
        "2021-10-15 09:24:07",
        "2021-10-15 09:24:07",
        "2021-10-15 09:24:07",
        "2021-10-15 09:24:07",
        "2021-10-15 09:12:38"
      ],
      "timeStr": "2021-10-15 09:24:07+2021-10-15 09:24:07+2021-10-15 09:24:07+2021-10-15 09:24:07+2021-10-15 09:24:07+2021-10-15 09:24:07+2021-10-15 09:24:07+2021-10-15 09:24:07+2021-10-15 09:24:07+2021-10-15 09:12:38",
      "sumStr": 82
    },
    {
      "fohStoreNo": "18428",
      "longitude": "121.438866",
      "latitude": "31.237192",
      "orderCount": 6,
      "onlineCount": 5,
      "offlineCount": 1,
      "goodsCount": 45,
      "simulationOrderResVOS": [
        {
          "orderId": "72057597515615416",
          "onlineType": 1,
          "goodsCount": "2",
          "longitude": "121.438866",
          "latitude": "31.237192",
          "originFohStoreNo": null,
          "finalFohStoreNo": null,
          "onlineGoodsCount": null,
          "orderTime": "2021-10-15T01:11:46.000+0000"
        },
        {
          "orderId": "72057597515615416",
          "onlineType": 1,
          "goodsCount": "2",
          "longitude": "121.438866",
          "latitude": "31.237192",
          "originFohStoreNo": null,
          "finalFohStoreNo": null,
          "onlineGoodsCount": null,
          "orderTime": "2021-10-15T01:11:46.000+0000"
        },
        {
          "orderId": "72057597515532760",
          "onlineType": 1,
          "goodsCount": "1",
          "longitude": "121.438866",
          "latitude": "31.237192",
          "originFohStoreNo": null,
          "finalFohStoreNo": null,
          "onlineGoodsCount": null,
          "orderTime": "2021-10-15T01:04:41.000+0000"
        },
        {
          "orderId": "72057597515433229",
          "onlineType": 1,
          "goodsCount": "2",
          "longitude": "121.437253",
          "latitude": "31.238344",
          "originFohStoreNo": null,
          "finalFohStoreNo": null,
          "onlineGoodsCount": null,
          "orderTime": "2021-10-15T01:00:52.000+0000"
        },
        {
          "orderId": "72057597515433229",
          "onlineType": 1,
          "goodsCount": "2",
          "longitude": "121.437253",
          "latitude": "31.238344",
          "originFohStoreNo": null,
          "finalFohStoreNo": null,
          "onlineGoodsCount": null,
          "orderTime": "2021-10-15T01:00:52.000+0000"
        }
      ],
      "onlineGoodsCount": 44,
      "storeName": "静安门大厦店",
      "str": "2+2+1+2+2",
      "arr": [2, 2, 1, 2, 2],
      "timeArr": [
        "2021-10-15 09:11:46",
        "2021-10-15 09:11:46",
        "2021-10-15 09:04:41",
        "2021-10-15 09:00:52",
        "2021-10-15 09:00:52"
      ],
      "timeStr": "2021-10-15 09:11:46+2021-10-15 09:11:46+2021-10-15 09:04:41+2021-10-15 09:00:52+2021-10-15 09:00:52",
      "sumStr": 9
    },
    {
      "fohStoreNo": "20599",
      "longitude": "121.45010447482493",
      "latitude": "31.22454027463683",
      "orderCount": 17,
      "onlineCount": 12,
      "offlineCount": 5,
      "goodsCount": 51,
      "simulationOrderResVOS": [
        {
          "orderId": "72057597515878528",
          "onlineType": 1,
          "goodsCount": "4",
          "longitude": "121.450104",
          "latitude": "31.22454",
          "originFohStoreNo": null,
          "finalFohStoreNo": null,
          "onlineGoodsCount": null,
          "orderTime": "2021-10-15T01:23:03.000+0000"
        },
        {
          "orderId": "72057597515878528",
          "onlineType": 1,
          "goodsCount": "4",
          "longitude": "121.450104",
          "latitude": "31.22454",
          "originFohStoreNo": null,
          "finalFohStoreNo": null,
          "onlineGoodsCount": null,
          "orderTime": "2021-10-15T01:23:03.000+0000"
        },
        {
          "orderId": "72057597515878528",
          "onlineType": 1,
          "goodsCount": "4",
          "longitude": "121.450104",
          "latitude": "31.22454",
          "originFohStoreNo": null,
          "finalFohStoreNo": null,
          "onlineGoodsCount": null,
          "orderTime": "2021-10-15T01:23:03.000+0000"
        },
        {
          "orderId": "72057597515878528",
          "onlineType": 1,
          "goodsCount": "4",
          "longitude": "121.450104",
          "latitude": "31.22454",
          "originFohStoreNo": null,
          "finalFohStoreNo": null,
          "onlineGoodsCount": null,
          "orderTime": "2021-10-15T01:23:03.000+0000"
        },
        {
          "orderId": "72057597515850460",
          "onlineType": 1,
          "goodsCount": "1",
          "longitude": "121.450104",
          "latitude": "31.22454",
          "originFohStoreNo": null,
          "finalFohStoreNo": null,
          "onlineGoodsCount": null,
          "orderTime": "2021-10-15T01:12:52.000+0000"
        },
        {
          "orderId": "72057597515668012",
          "onlineType": 1,
          "goodsCount": "4",
          "longitude": "121.450104",
          "latitude": "31.22454",
          "originFohStoreNo": null,
          "finalFohStoreNo": null,
          "onlineGoodsCount": null,
          "orderTime": "2021-10-15T00:57:37.000+0000"
        },
        {
          "orderId": "72057597515668012",
          "onlineType": 1,
          "goodsCount": "4",
          "longitude": "121.450104",
          "latitude": "31.22454",
          "originFohStoreNo": null,
          "finalFohStoreNo": null,
          "onlineGoodsCount": null,
          "orderTime": "2021-10-15T00:57:37.000+0000"
        },
        {
          "orderId": "72057597515668012",
          "onlineType": 1,
          "goodsCount": "4",
          "longitude": "121.450104",
          "latitude": "31.22454",
          "originFohStoreNo": null,
          "finalFohStoreNo": null,
          "onlineGoodsCount": null,
          "orderTime": "2021-10-15T00:57:37.000+0000"
        },
        {
          "orderId": "72057597515668012",
          "onlineType": 1,
          "goodsCount": "4",
          "longitude": "121.450104",
          "latitude": "31.22454",
          "originFohStoreNo": null,
          "finalFohStoreNo": null,
          "onlineGoodsCount": null,
          "orderTime": "2021-10-15T00:57:37.000+0000"
        },
        {
          "orderId": "72057597515194018",
          "onlineType": 1,
          "goodsCount": "2",
          "longitude": "121.450104",
          "latitude": "31.22454",
          "originFohStoreNo": null,
          "finalFohStoreNo": null,
          "onlineGoodsCount": null,
          "orderTime": "2021-10-15T00:41:58.000+0000"
        },
        {
          "orderId": "72057597515194018",
          "onlineType": 1,
          "goodsCount": "2",
          "longitude": "121.450104",
          "latitude": "31.22454",
          "originFohStoreNo": null,
          "finalFohStoreNo": null,
          "onlineGoodsCount": null,
          "orderTime": "2021-10-15T00:41:58.000+0000"
        },
        {
          "orderId": "72057597515070970",
          "onlineType": 1,
          "goodsCount": "1",
          "longitude": "121.450104",
          "latitude": "31.22454",
          "originFohStoreNo": null,
          "finalFohStoreNo": null,
          "onlineGoodsCount": null,
          "orderTime": "2021-10-15T00:34:01.000+0000"
        }
      ],
      "onlineGoodsCount": 26,
      "storeName": "静安嘉里中心1F店",
      "str": "4+4+4+4+1+4+4+4+4+2+2+1",
      "arr": [4, 4, 4, 4, 1, 4, 4, 4, 4, 2, 2, 1],
      "timeArr": [
        "2021-10-15 09:23:03",
        "2021-10-15 09:23:03",
        "2021-10-15 09:23:03",
        "2021-10-15 09:23:03",
        "2021-10-15 09:12:52",
        "2021-10-15 08:57:37",
        "2021-10-15 08:57:37",
        "2021-10-15 08:57:37",
        "2021-10-15 08:57:37",
        "2021-10-15 08:41:58",
        "2021-10-15 08:41:58",
        "2021-10-15 08:34:01"
      ],
      "timeStr": "2021-10-15 09:23:03+2021-10-15 09:23:03+2021-10-15 09:23:03+2021-10-15 09:23:03+2021-10-15 09:12:52+2021-10-15 08:57:37+2021-10-15 08:57:37+2021-10-15 08:57:37+2021-10-15 08:57:37+2021-10-15 08:41:58+2021-10-15 08:41:58+2021-10-15 08:34:01",
      "sumStr": 38
    },
    {
      "fohStoreNo": "23231",
      "longitude": "121.47457909544757",
      "latitude": "31.21582759582077",
      "orderCount": 20,
      "onlineCount": 19,
      "offlineCount": 1,
      "goodsCount": 52,
      "simulationOrderResVOS": [
        {
          "orderId": "72057597515854849",
          "onlineType": 1,
          "goodsCount": "1",
          "longitude": "121.474756",
          "latitude": "31.215924",
          "originFohStoreNo": null,
          "finalFohStoreNo": null,
          "onlineGoodsCount": null,
          "orderTime": "2021-10-15T01:17:58.000+0000"
        },
        {
          "orderId": "72057597515795728",
          "onlineType": 1,
          "goodsCount": "1",
          "longitude": "121.474756",
          "latitude": "31.215924",
          "originFohStoreNo": null,
          "finalFohStoreNo": null,
          "onlineGoodsCount": null,
          "orderTime": "2021-10-15T01:13:26.000+0000"
        },
        {
          "orderId": "72057597515723155",
          "onlineType": 1,
          "goodsCount": "4",
          "longitude": "121.476706",
          "latitude": "31.213023",
          "originFohStoreNo": null,
          "finalFohStoreNo": null,
          "onlineGoodsCount": null,
          "orderTime": "2021-10-15T01:30:13.000+0000"
        },
        {
          "orderId": "72057597515723155",
          "onlineType": 1,
          "goodsCount": "4",
          "longitude": "121.476706",
          "latitude": "31.213023",
          "originFohStoreNo": null,
          "finalFohStoreNo": null,
          "onlineGoodsCount": null,
          "orderTime": "2021-10-15T01:30:13.000+0000"
        },
        {
          "orderId": "72057597515723155",
          "onlineType": 1,
          "goodsCount": "4",
          "longitude": "121.476706",
          "latitude": "31.213023",
          "originFohStoreNo": null,
          "finalFohStoreNo": null,
          "onlineGoodsCount": null,
          "orderTime": "2021-10-15T01:30:13.000+0000"
        },
        {
          "orderId": "72057597515602078",
          "onlineType": 1,
          "goodsCount": "4",
          "longitude": "121.474756",
          "latitude": "31.215924",
          "originFohStoreNo": null,
          "finalFohStoreNo": null,
          "onlineGoodsCount": null,
          "orderTime": "2021-10-15T01:11:38.000+0000"
        },
        {
          "orderId": "72057597515602078",
          "onlineType": 1,
          "goodsCount": "4",
          "longitude": "121.474756",
          "latitude": "31.215924",
          "originFohStoreNo": null,
          "finalFohStoreNo": null,
          "onlineGoodsCount": null,
          "orderTime": "2021-10-15T01:11:38.000+0000"
        },
        {
          "orderId": "72057597515602078",
          "onlineType": 1,
          "goodsCount": "4",
          "longitude": "121.474756",
          "latitude": "31.215924",
          "originFohStoreNo": null,
          "finalFohStoreNo": null,
          "onlineGoodsCount": null,
          "orderTime": "2021-10-15T01:11:38.000+0000"
        },
        {
          "orderId": "72057597515602078",
          "onlineType": 1,
          "goodsCount": "4",
          "longitude": "121.474756",
          "latitude": "31.215924",
          "originFohStoreNo": null,
          "finalFohStoreNo": null,
          "onlineGoodsCount": null,
          "orderTime": "2021-10-15T01:11:38.000+0000"
        },
        {
          "orderId": "72057597515338018",
          "onlineType": 1,
          "goodsCount": "3",
          "longitude": "121.477134",
          "latitude": "31.217949",
          "originFohStoreNo": null,
          "finalFohStoreNo": null,
          "onlineGoodsCount": null,
          "orderTime": "2021-10-15T01:22:58.000+0000"
        },
        {
          "orderId": "72057597515338018",
          "onlineType": 1,
          "goodsCount": "3",
          "longitude": "121.477134",
          "latitude": "31.217949",
          "originFohStoreNo": null,
          "finalFohStoreNo": null,
          "onlineGoodsCount": null,
          "orderTime": "2021-10-15T01:22:58.000+0000"
        },
        {
          "orderId": "72057597515338018",
          "onlineType": 1,
          "goodsCount": "3",
          "longitude": "121.477134",
          "latitude": "31.217949",
          "originFohStoreNo": null,
          "finalFohStoreNo": null,
          "onlineGoodsCount": null,
          "orderTime": "2021-10-15T01:22:58.000+0000"
        },
        {
          "orderId": "72057597515132485",
          "onlineType": 1,
          "goodsCount": "2",
          "longitude": "121.474756",
          "latitude": "31.215924",
          "originFohStoreNo": null,
          "finalFohStoreNo": null,
          "onlineGoodsCount": null,
          "orderTime": "2021-10-15T00:40:59.000+0000"
        },
        {
          "orderId": "72057597515132485",
          "onlineType": 1,
          "goodsCount": "2",
          "longitude": "121.474756",
          "latitude": "31.215924",
          "originFohStoreNo": null,
          "finalFohStoreNo": null,
          "onlineGoodsCount": null,
          "orderTime": "2021-10-15T00:40:59.000+0000"
        },
        {
          "orderId": "72057597514912570",
          "onlineType": 1,
          "goodsCount": "2",
          "longitude": "121.474756",
          "latitude": "31.215924",
          "originFohStoreNo": null,
          "finalFohStoreNo": null,
          "onlineGoodsCount": null,
          "orderTime": "2021-10-15T00:21:11.000+0000"
        },
        {
          "orderId": "72057597514912570",
          "onlineType": 1,
          "goodsCount": "2",
          "longitude": "121.474756",
          "latitude": "31.215924",
          "originFohStoreNo": null,
          "finalFohStoreNo": null,
          "onlineGoodsCount": null,
          "orderTime": "2021-10-15T00:21:11.000+0000"
        },
        {
          "orderId": "72057597514787944",
          "onlineType": 1,
          "goodsCount": "4",
          "longitude": "121.474756",
          "latitude": "31.215924",
          "originFohStoreNo": null,
          "finalFohStoreNo": null,
          "onlineGoodsCount": null,
          "orderTime": "2021-10-15T00:14:26.000+0000"
        },
        {
          "orderId": "72057597514787944",
          "onlineType": 1,
          "goodsCount": "4",
          "longitude": "121.474756",
          "latitude": "31.215924",
          "originFohStoreNo": null,
          "finalFohStoreNo": null,
          "onlineGoodsCount": null,
          "orderTime": "2021-10-15T00:14:26.000+0000"
        },
        {
          "orderId": "72057597514787944",
          "onlineType": 1,
          "goodsCount": "4",
          "longitude": "121.474756",
          "latitude": "31.215924",
          "originFohStoreNo": null,
          "finalFohStoreNo": null,
          "onlineGoodsCount": null,
          "orderTime": "2021-10-15T00:14:26.000+0000"
        }
      ],
      "onlineGoodsCount": 51,
      "storeName": "复兴广场店",
      "str": "1+1+4+4+4+4+4+4+4+3+3+3+2+2+2+2+4+4+4",
      "arr": [1, 1, 4, 4, 4, 4, 4, 4, 4, 3, 3, 3, 2, 2, 2, 2, 4, 4, 4],
      "timeArr": [
        "2021-10-15 09:17:58",
        "2021-10-15 09:13:26",
        "2021-10-15 09:30:13",
        "2021-10-15 09:30:13",
        "2021-10-15 09:30:13",
        "2021-10-15 09:11:38",
        "2021-10-15 09:11:38",
        "2021-10-15 09:11:38",
        "2021-10-15 09:11:38",
        "2021-10-15 09:22:58",
        "2021-10-15 09:22:58",
        "2021-10-15 09:22:58",
        "2021-10-15 08:40:59",
        "2021-10-15 08:40:59",
        "2021-10-15 08:21:11",
        "2021-10-15 08:21:11",
        "2021-10-15 08:14:26",
        "2021-10-15 08:14:26",
        "2021-10-15 08:14:26"
      ],
      "timeStr": "2021-10-15 09:17:58+2021-10-15 09:13:26+2021-10-15 09:30:13+2021-10-15 09:30:13+2021-10-15 09:30:13+2021-10-15 09:11:38+2021-10-15 09:11:38+2021-10-15 09:11:38+2021-10-15 09:11:38+2021-10-15 09:22:58+2021-10-15 09:22:58+2021-10-15 09:22:58+2021-10-15 08:40:59+2021-10-15 08:40:59+2021-10-15 08:21:11+2021-10-15 08:21:11+2021-10-15 08:14:26+2021-10-15 08:14:26+2021-10-15 08:14:26",
      "sumStr": 59
    },
    {
      "fohStoreNo": "47216",
      "longitude": "121.473545",
      "latitude": "31.223741",
      "orderCount": 24,
      "onlineCount": 22,
      "offlineCount": 2,
      "goodsCount": 44,
      "simulationOrderResVOS": [
        {
          "orderId": "72057597515618125",
          "onlineType": 1,
          "goodsCount": "3",
          "longitude": "121.473545",
          "latitude": "31.223741",
          "originFohStoreNo": null,
          "finalFohStoreNo": null,
          "onlineGoodsCount": null,
          "orderTime": "2021-10-15T01:19:54.000+0000"
        },
        {
          "orderId": "72057597515618125",
          "onlineType": 1,
          "goodsCount": "3",
          "longitude": "121.473545",
          "latitude": "31.223741",
          "originFohStoreNo": null,
          "finalFohStoreNo": null,
          "onlineGoodsCount": null,
          "orderTime": "2021-10-15T01:19:54.000+0000"
        },
        {
          "orderId": "72057597515618125",
          "onlineType": 1,
          "goodsCount": "3",
          "longitude": "121.473545",
          "latitude": "31.223741",
          "originFohStoreNo": null,
          "finalFohStoreNo": null,
          "onlineGoodsCount": null,
          "orderTime": "2021-10-15T01:19:54.000+0000"
        },
        {
          "orderId": "72057597515597665",
          "onlineType": 1,
          "goodsCount": "3",
          "longitude": "121.473545",
          "latitude": "31.223741",
          "originFohStoreNo": null,
          "finalFohStoreNo": null,
          "onlineGoodsCount": null,
          "orderTime": "2021-10-15T01:06:31.000+0000"
        },
        {
          "orderId": "72057597515597665",
          "onlineType": 1,
          "goodsCount": "3",
          "longitude": "121.473545",
          "latitude": "31.223741",
          "originFohStoreNo": null,
          "finalFohStoreNo": null,
          "onlineGoodsCount": null,
          "orderTime": "2021-10-15T01:06:31.000+0000"
        },
        {
          "orderId": "72057597515597665",
          "onlineType": 1,
          "goodsCount": "3",
          "longitude": "121.473545",
          "latitude": "31.223741",
          "originFohStoreNo": null,
          "finalFohStoreNo": null,
          "onlineGoodsCount": null,
          "orderTime": "2021-10-15T01:06:31.000+0000"
        },
        {
          "orderId": "72057597515167789",
          "onlineType": 1,
          "goodsCount": "3",
          "longitude": "121.473545",
          "latitude": "31.223741",
          "originFohStoreNo": null,
          "finalFohStoreNo": null,
          "onlineGoodsCount": null,
          "orderTime": "2021-10-15T00:56:13.000+0000"
        },
        {
          "orderId": "72057597515167789",
          "onlineType": 1,
          "goodsCount": "3",
          "longitude": "121.473545",
          "latitude": "31.223741",
          "originFohStoreNo": null,
          "finalFohStoreNo": null,
          "onlineGoodsCount": null,
          "orderTime": "2021-10-15T00:56:13.000+0000"
        },
        {
          "orderId": "72057597515167789",
          "onlineType": 1,
          "goodsCount": "3",
          "longitude": "121.473545",
          "latitude": "31.223741",
          "originFohStoreNo": null,
          "finalFohStoreNo": null,
          "onlineGoodsCount": null,
          "orderTime": "2021-10-15T00:56:13.000+0000"
        },
        {
          "orderId": "72057597514666150",
          "onlineType": 1,
          "goodsCount": "4",
          "longitude": "121.473545",
          "latitude": "31.223741",
          "originFohStoreNo": null,
          "finalFohStoreNo": null,
          "onlineGoodsCount": null,
          "orderTime": "2021-10-15T00:38:35.000+0000"
        },
        {
          "orderId": "72057597514666150",
          "onlineType": 1,
          "goodsCount": "4",
          "longitude": "121.473545",
          "latitude": "31.223741",
          "originFohStoreNo": null,
          "finalFohStoreNo": null,
          "onlineGoodsCount": null,
          "orderTime": "2021-10-15T00:38:35.000+0000"
        },
        {
          "orderId": "72057597514666150",
          "onlineType": 1,
          "goodsCount": "4",
          "longitude": "121.473545",
          "latitude": "31.223741",
          "originFohStoreNo": null,
          "finalFohStoreNo": null,
          "onlineGoodsCount": null,
          "orderTime": "2021-10-15T00:38:35.000+0000"
        },
        {
          "orderId": "72057597514666150",
          "onlineType": 1,
          "goodsCount": "4",
          "longitude": "121.473545",
          "latitude": "31.223741",
          "originFohStoreNo": null,
          "finalFohStoreNo": null,
          "onlineGoodsCount": null,
          "orderTime": "2021-10-15T00:38:35.000+0000"
        },
        {
          "orderId": "72057597514652632",
          "onlineType": 1,
          "goodsCount": "5",
          "longitude": "121.473545",
          "latitude": "31.223741",
          "originFohStoreNo": null,
          "finalFohStoreNo": null,
          "onlineGoodsCount": null,
          "orderTime": "2021-10-15T00:19:20.000+0000"
        },
        {
          "orderId": "72057597514652632",
          "onlineType": 1,
          "goodsCount": "5",
          "longitude": "121.473545",
          "latitude": "31.223741",
          "originFohStoreNo": null,
          "finalFohStoreNo": null,
          "onlineGoodsCount": null,
          "orderTime": "2021-10-15T00:19:20.000+0000"
        },
        {
          "orderId": "72057597514652632",
          "onlineType": 1,
          "goodsCount": "5",
          "longitude": "121.473545",
          "latitude": "31.223741",
          "originFohStoreNo": null,
          "finalFohStoreNo": null,
          "onlineGoodsCount": null,
          "orderTime": "2021-10-15T00:19:20.000+0000"
        },
        {
          "orderId": "72057597514652632",
          "onlineType": 1,
          "goodsCount": "5",
          "longitude": "121.473545",
          "latitude": "31.223741",
          "originFohStoreNo": null,
          "finalFohStoreNo": null,
          "onlineGoodsCount": null,
          "orderTime": "2021-10-15T00:19:20.000+0000"
        },
        {
          "orderId": "72057597514652632",
          "onlineType": 1,
          "goodsCount": "5",
          "longitude": "121.473545",
          "latitude": "31.223741",
          "originFohStoreNo": null,
          "finalFohStoreNo": null,
          "onlineGoodsCount": null,
          "orderTime": "2021-10-15T00:19:20.000+0000"
        },
        {
          "orderId": "72057597513962627",
          "onlineType": 1,
          "goodsCount": "4",
          "longitude": "121.473545",
          "latitude": "31.223741",
          "originFohStoreNo": null,
          "finalFohStoreNo": null,
          "onlineGoodsCount": null,
          "orderTime": "2021-10-15T00:00:50.000+0000"
        },
        {
          "orderId": "72057597513962627",
          "onlineType": 1,
          "goodsCount": "4",
          "longitude": "121.473545",
          "latitude": "31.223741",
          "originFohStoreNo": null,
          "finalFohStoreNo": null,
          "onlineGoodsCount": null,
          "orderTime": "2021-10-15T00:00:50.000+0000"
        },
        {
          "orderId": "72057597513962627",
          "onlineType": 1,
          "goodsCount": "4",
          "longitude": "121.473545",
          "latitude": "31.223741",
          "originFohStoreNo": null,
          "finalFohStoreNo": null,
          "onlineGoodsCount": null,
          "orderTime": "2021-10-15T00:00:50.000+0000"
        },
        {
          "orderId": "72057597513962627",
          "onlineType": 1,
          "goodsCount": "4",
          "longitude": "121.473545",
          "latitude": "31.223741",
          "originFohStoreNo": null,
          "finalFohStoreNo": null,
          "onlineGoodsCount": null,
          "orderTime": "2021-10-15T00:00:50.000+0000"
        }
      ],
      "onlineGoodsCount": 40,
      "storeName": "上海K11购物艺术中心店",
      "str": "3+3+3+3+3+3+3+3+3+4+4+4+4+5+5+5+5+5+4+4+4+4",
      "arr": [3, 3, 3, 3, 3, 3, 3, 3, 3, 4, 4, 4, 4, 5, 5, 5, 5, 5, 4, 4, 4, 4],
      "timeArr": [
        "2021-10-15 09:19:54",
        "2021-10-15 09:19:54",
        "2021-10-15 09:19:54",
        "2021-10-15 09:06:31",
        "2021-10-15 09:06:31",
        "2021-10-15 09:06:31",
        "2021-10-15 08:56:13",
        "2021-10-15 08:56:13",
        "2021-10-15 08:56:13",
        "2021-10-15 08:38:35",
        "2021-10-15 08:38:35",
        "2021-10-15 08:38:35",
        "2021-10-15 08:38:35",
        "2021-10-15 08:19:20",
        "2021-10-15 08:19:20",
        "2021-10-15 08:19:20",
        "2021-10-15 08:19:20",
        "2021-10-15 08:19:20",
        "2021-10-15 08:00:50",
        "2021-10-15 08:00:50",
        "2021-10-15 08:00:50",
        "2021-10-15 08:00:50"
      ],
      "timeStr": "2021-10-15 09:19:54+2021-10-15 09:19:54+2021-10-15 09:19:54+2021-10-15 09:06:31+2021-10-15 09:06:31+2021-10-15 09:06:31+2021-10-15 08:56:13+2021-10-15 08:56:13+2021-10-15 08:56:13+2021-10-15 08:38:35+2021-10-15 08:38:35+2021-10-15 08:38:35+2021-10-15 08:38:35+2021-10-15 08:19:20+2021-10-15 08:19:20+2021-10-15 08:19:20+2021-10-15 08:19:20+2021-10-15 08:19:20+2021-10-15 08:00:50+2021-10-15 08:00:50+2021-10-15 08:00:50+2021-10-15 08:00:50",
      "sumStr": 84
    },
    {
      "fohStoreNo": "48362",
      "longitude": "121.42697209",
      "latitude": "31.22818583",
      "orderCount": 20,
      "onlineCount": 17,
      "offlineCount": 3,
      "goodsCount": 57,
      "simulationOrderResVOS": [
        {
          "orderId": "72057597515264812",
          "onlineType": 1,
          "goodsCount": "2",
          "longitude": "121.426972",
          "latitude": "31.228186",
          "originFohStoreNo": null,
          "finalFohStoreNo": null,
          "onlineGoodsCount": null,
          "orderTime": "2021-10-15T01:06:44.000+0000"
        },
        {
          "orderId": "72057597515264812",
          "onlineType": 1,
          "goodsCount": "2",
          "longitude": "121.426972",
          "latitude": "31.228186",
          "originFohStoreNo": null,
          "finalFohStoreNo": null,
          "onlineGoodsCount": null,
          "orderTime": "2021-10-15T01:06:44.000+0000"
        },
        {
          "orderId": "72057597515148262",
          "onlineType": 1,
          "goodsCount": "7",
          "longitude": "121.426972",
          "latitude": "31.228186",
          "originFohStoreNo": null,
          "finalFohStoreNo": null,
          "onlineGoodsCount": null,
          "orderTime": "2021-10-15T00:36:04.000+0000"
        },
        {
          "orderId": "72057597515148262",
          "onlineType": 1,
          "goodsCount": "7",
          "longitude": "121.426972",
          "latitude": "31.228186",
          "originFohStoreNo": null,
          "finalFohStoreNo": null,
          "onlineGoodsCount": null,
          "orderTime": "2021-10-15T00:36:04.000+0000"
        },
        {
          "orderId": "72057597515148262",
          "onlineType": 1,
          "goodsCount": "7",
          "longitude": "121.426972",
          "latitude": "31.228186",
          "originFohStoreNo": null,
          "finalFohStoreNo": null,
          "onlineGoodsCount": null,
          "orderTime": "2021-10-15T00:36:04.000+0000"
        },
        {
          "orderId": "72057597515148262",
          "onlineType": 1,
          "goodsCount": "7",
          "longitude": "121.426972",
          "latitude": "31.228186",
          "originFohStoreNo": null,
          "finalFohStoreNo": null,
          "onlineGoodsCount": null,
          "orderTime": "2021-10-15T00:36:04.000+0000"
        },
        {
          "orderId": "72057597515148262",
          "onlineType": 1,
          "goodsCount": "7",
          "longitude": "121.426972",
          "latitude": "31.228186",
          "originFohStoreNo": null,
          "finalFohStoreNo": null,
          "onlineGoodsCount": null,
          "orderTime": "2021-10-15T00:36:04.000+0000"
        },
        {
          "orderId": "72057597515148262",
          "onlineType": 1,
          "goodsCount": "7",
          "longitude": "121.426972",
          "latitude": "31.228186",
          "originFohStoreNo": null,
          "finalFohStoreNo": null,
          "onlineGoodsCount": null,
          "orderTime": "2021-10-15T00:36:04.000+0000"
        },
        {
          "orderId": "72057597515148262",
          "onlineType": 1,
          "goodsCount": "7",
          "longitude": "121.426972",
          "latitude": "31.228186",
          "originFohStoreNo": null,
          "finalFohStoreNo": null,
          "onlineGoodsCount": null,
          "orderTime": "2021-10-15T00:36:04.000+0000"
        },
        {
          "orderId": "72057597515140882",
          "onlineType": 1,
          "goodsCount": "3",
          "longitude": "121.426972",
          "latitude": "31.228186",
          "originFohStoreNo": null,
          "finalFohStoreNo": null,
          "onlineGoodsCount": null,
          "orderTime": "2021-10-15T00:52:33.000+0000"
        },
        {
          "orderId": "72057597515140882",
          "onlineType": 1,
          "goodsCount": "3",
          "longitude": "121.426972",
          "latitude": "31.228186",
          "originFohStoreNo": null,
          "finalFohStoreNo": null,
          "onlineGoodsCount": null,
          "orderTime": "2021-10-15T00:52:33.000+0000"
        },
        {
          "orderId": "72057597515140882",
          "onlineType": 1,
          "goodsCount": "3",
          "longitude": "121.426972",
          "latitude": "31.228186",
          "originFohStoreNo": null,
          "finalFohStoreNo": null,
          "onlineGoodsCount": null,
          "orderTime": "2021-10-15T00:52:33.000+0000"
        },
        {
          "orderId": "72057597514993783",
          "onlineType": 1,
          "goodsCount": "1",
          "longitude": "121.428683",
          "latitude": "31.228237",
          "originFohStoreNo": null,
          "finalFohStoreNo": null,
          "onlineGoodsCount": null,
          "orderTime": "2021-10-15T00:30:06.000+0000"
        },
        {
          "orderId": "72057597514946776",
          "onlineType": 1,
          "goodsCount": "4",
          "longitude": "121.434274",
          "latitude": "31.228752",
          "originFohStoreNo": null,
          "finalFohStoreNo": null,
          "onlineGoodsCount": null,
          "orderTime": "2021-10-15T00:52:20.000+0000"
        },
        {
          "orderId": "72057597514946776",
          "onlineType": 1,
          "goodsCount": "4",
          "longitude": "121.434274",
          "latitude": "31.228752",
          "originFohStoreNo": null,
          "finalFohStoreNo": null,
          "onlineGoodsCount": null,
          "orderTime": "2021-10-15T00:52:20.000+0000"
        },
        {
          "orderId": "72057597514946776",
          "onlineType": 1,
          "goodsCount": "4",
          "longitude": "121.434274",
          "latitude": "31.228752",
          "originFohStoreNo": null,
          "finalFohStoreNo": null,
          "onlineGoodsCount": null,
          "orderTime": "2021-10-15T00:52:20.000+0000"
        },
        {
          "orderId": "72057597514946776",
          "onlineType": 1,
          "goodsCount": "4",
          "longitude": "121.434274",
          "latitude": "31.228752",
          "originFohStoreNo": null,
          "finalFohStoreNo": null,
          "onlineGoodsCount": null,
          "orderTime": "2021-10-15T00:52:20.000+0000"
        }
      ],
      "onlineGoodsCount": 48,
      "storeName": "长宁KING88购物中心店",
      "str": "2+2+7+7+7+7+7+7+7+3+3+3+1+4+4+4+4",
      "arr": [2, 2, 7, 7, 7, 7, 7, 7, 7, 3, 3, 3, 1, 4, 4, 4, 4],
      "timeArr": [
        "2021-10-15 09:06:44",
        "2021-10-15 09:06:44",
        "2021-10-15 08:36:04",
        "2021-10-15 08:36:04",
        "2021-10-15 08:36:04",
        "2021-10-15 08:36:04",
        "2021-10-15 08:36:04",
        "2021-10-15 08:36:04",
        "2021-10-15 08:36:04",
        "2021-10-15 08:52:33",
        "2021-10-15 08:52:33",
        "2021-10-15 08:52:33",
        "2021-10-15 08:30:06",
        "2021-10-15 08:52:20",
        "2021-10-15 08:52:20",
        "2021-10-15 08:52:20",
        "2021-10-15 08:52:20"
      ],
      "timeStr": "2021-10-15 09:06:44+2021-10-15 09:06:44+2021-10-15 08:36:04+2021-10-15 08:36:04+2021-10-15 08:36:04+2021-10-15 08:36:04+2021-10-15 08:36:04+2021-10-15 08:36:04+2021-10-15 08:36:04+2021-10-15 08:52:33+2021-10-15 08:52:33+2021-10-15 08:52:33+2021-10-15 08:30:06+2021-10-15 08:52:20+2021-10-15 08:52:20+2021-10-15 08:52:20+2021-10-15 08:52:20",
      "sumStr": 79
    },
    {
      "fohStoreNo": "52862",
      "longitude": "121.45792043222174",
      "latitude": "31.24115324535366",
      "orderCount": 7,
      "onlineCount": 6,
      "offlineCount": 1,
      "goodsCount": 47,
      "simulationOrderResVOS": [
        {
          "orderId": "72057597515616631",
          "onlineType": 1,
          "goodsCount": "3",
          "longitude": "121.45691",
          "latitude": "31.24086",
          "originFohStoreNo": null,
          "finalFohStoreNo": null,
          "onlineGoodsCount": null,
          "orderTime": "2021-10-15T01:14:35.000+0000"
        },
        {
          "orderId": "72057597515616631",
          "onlineType": 1,
          "goodsCount": "3",
          "longitude": "121.45691",
          "latitude": "31.24086",
          "originFohStoreNo": null,
          "finalFohStoreNo": null,
          "onlineGoodsCount": null,
          "orderTime": "2021-10-15T01:14:35.000+0000"
        },
        {
          "orderId": "72057597514860028",
          "onlineType": 1,
          "goodsCount": "2",
          "longitude": "121.45691",
          "latitude": "31.24086",
          "originFohStoreNo": null,
          "finalFohStoreNo": null,
          "onlineGoodsCount": null,
          "orderTime": "2021-10-15T00:36:25.000+0000"
        },
        {
          "orderId": "72057597514860028",
          "onlineType": 1,
          "goodsCount": "2",
          "longitude": "121.45691",
          "latitude": "31.24086",
          "originFohStoreNo": null,
          "finalFohStoreNo": null,
          "onlineGoodsCount": null,
          "orderTime": "2021-10-15T00:36:25.000+0000"
        },
        {
          "orderId": "72057597513924872",
          "onlineType": 1,
          "goodsCount": "1",
          "longitude": "121.45691",
          "latitude": "31.24086",
          "originFohStoreNo": null,
          "finalFohStoreNo": null,
          "onlineGoodsCount": null,
          "orderTime": "2021-10-15T00:08:14.000+0000"
        },
        {
          "orderId": "72057597513602996",
          "onlineType": 1,
          "goodsCount": "1",
          "longitude": "121.458698",
          "latitude": "31.239293",
          "originFohStoreNo": null,
          "finalFohStoreNo": null,
          "onlineGoodsCount": null,
          "orderTime": "2021-10-15T00:05:04.000+0000"
        }
      ],
      "onlineGoodsCount": 46,
      "storeName": "凯德星贸商场店",
      "str": "3+3+2+2+1+1",
      "arr": [3, 3, 2, 2, 1, 1],
      "timeArr": [
        "2021-10-15 09:14:35",
        "2021-10-15 09:14:35",
        "2021-10-15 08:36:25",
        "2021-10-15 08:36:25",
        "2021-10-15 08:08:14",
        "2021-10-15 08:05:04"
      ],
      "timeStr": "2021-10-15 09:14:35+2021-10-15 09:14:35+2021-10-15 08:36:25+2021-10-15 08:36:25+2021-10-15 08:08:14+2021-10-15 08:05:04",
      "sumStr": 12
    },
    {
      "fohStoreNo": "55580",
      "longitude": "121.46272203",
      "latitude": "31.2359365",
      "orderCount": 13,
      "onlineCount": 10,
      "offlineCount": 3,
      "goodsCount": 66,
      "simulationOrderResVOS": [
        {
          "orderId": "72057597515576410",
          "onlineType": 1,
          "goodsCount": "2",
          "longitude": "121.462722",
          "latitude": "31.235937",
          "originFohStoreNo": null,
          "finalFohStoreNo": null,
          "onlineGoodsCount": null,
          "orderTime": "2021-10-15T01:05:45.000+0000"
        },
        {
          "orderId": "72057597515576410",
          "onlineType": 1,
          "goodsCount": "2",
          "longitude": "121.462722",
          "latitude": "31.235937",
          "originFohStoreNo": null,
          "finalFohStoreNo": null,
          "onlineGoodsCount": null,
          "orderTime": "2021-10-15T01:05:45.000+0000"
        },
        {
          "orderId": "72057597515524282",
          "onlineType": 1,
          "goodsCount": "3",
          "longitude": "121.462722",
          "latitude": "31.235937",
          "originFohStoreNo": null,
          "finalFohStoreNo": null,
          "onlineGoodsCount": null,
          "orderTime": "2021-10-15T01:17:18.000+0000"
        },
        {
          "orderId": "72057597515524282",
          "onlineType": 1,
          "goodsCount": "3",
          "longitude": "121.462722",
          "latitude": "31.235937",
          "originFohStoreNo": null,
          "finalFohStoreNo": null,
          "onlineGoodsCount": null,
          "orderTime": "2021-10-15T01:17:18.000+0000"
        },
        {
          "orderId": "72057597515524282",
          "onlineType": 1,
          "goodsCount": "3",
          "longitude": "121.462722",
          "latitude": "31.235937",
          "originFohStoreNo": null,
          "finalFohStoreNo": null,
          "onlineGoodsCount": null,
          "orderTime": "2021-10-15T01:17:18.000+0000"
        },
        {
          "orderId": "72057597514909411",
          "onlineType": 1,
          "goodsCount": "1",
          "longitude": "121.462722",
          "latitude": "31.235937",
          "originFohStoreNo": null,
          "finalFohStoreNo": null,
          "onlineGoodsCount": null,
          "orderTime": "2021-10-15T00:17:25.000+0000"
        },
        {
          "orderId": "72057597514802680",
          "onlineType": 1,
          "goodsCount": "1",
          "longitude": "121.462722",
          "latitude": "31.235937",
          "originFohStoreNo": null,
          "finalFohStoreNo": null,
          "onlineGoodsCount": null,
          "orderTime": "2021-10-15T00:42:55.000+0000"
        },
        {
          "orderId": "72057597514539778",
          "onlineType": 1,
          "goodsCount": "3",
          "longitude": "121.462722",
          "latitude": "31.235937",
          "originFohStoreNo": null,
          "finalFohStoreNo": null,
          "onlineGoodsCount": null,
          "orderTime": "2021-10-15T00:05:21.000+0000"
        },
        {
          "orderId": "72057597514539778",
          "onlineType": 1,
          "goodsCount": "3",
          "longitude": "121.462722",
          "latitude": "31.235937",
          "originFohStoreNo": null,
          "finalFohStoreNo": null,
          "onlineGoodsCount": null,
          "orderTime": "2021-10-15T00:05:21.000+0000"
        },
        {
          "orderId": "72057597514539778",
          "onlineType": 1,
          "goodsCount": "3",
          "longitude": "121.462722",
          "latitude": "31.235937",
          "originFohStoreNo": null,
          "finalFohStoreNo": null,
          "onlineGoodsCount": null,
          "orderTime": "2021-10-15T00:05:21.000+0000"
        }
      ],
      "onlineGoodsCount": 57,
      "storeName": "博华广场",
      "str": "2+2+3+3+3+1+1+3+3+3",
      "arr": [2, 2, 3, 3, 3, 1, 1, 3, 3, 3],
      "timeArr": [
        "2021-10-15 09:05:45",
        "2021-10-15 09:05:45",
        "2021-10-15 09:17:18",
        "2021-10-15 09:17:18",
        "2021-10-15 09:17:18",
        "2021-10-15 08:17:25",
        "2021-10-15 08:42:55",
        "2021-10-15 08:05:21",
        "2021-10-15 08:05:21",
        "2021-10-15 08:05:21"
      ],
      "timeStr": "2021-10-15 09:05:45+2021-10-15 09:05:45+2021-10-15 09:17:18+2021-10-15 09:17:18+2021-10-15 09:17:18+2021-10-15 08:17:25+2021-10-15 08:42:55+2021-10-15 08:05:21+2021-10-15 08:05:21+2021-10-15 08:05:21",
      "sumStr": 24
    },
    {
      "fohStoreNo": "6069",
      "longitude": "121.443161",
      "latitude": "31.233509",
      "orderCount": 17,
      "onlineCount": 13,
      "offlineCount": 4,
      "goodsCount": 64,
      "simulationOrderResVOS": [
        {
          "orderId": "72057597515499448",
          "onlineType": 1,
          "goodsCount": "2",
          "longitude": "121.443225",
          "latitude": "31.229565",
          "originFohStoreNo": null,
          "finalFohStoreNo": null,
          "onlineGoodsCount": null,
          "orderTime": "2021-10-15T01:17:06.000+0000"
        },
        {
          "orderId": "72057597515499448",
          "onlineType": 1,
          "goodsCount": "2",
          "longitude": "121.443225",
          "latitude": "31.229565",
          "originFohStoreNo": null,
          "finalFohStoreNo": null,
          "onlineGoodsCount": null,
          "orderTime": "2021-10-15T01:17:06.000+0000"
        },
        {
          "orderId": "72057597514499269",
          "onlineType": 1,
          "goodsCount": "3",
          "longitude": "121.443161",
          "latitude": "31.233509",
          "originFohStoreNo": null,
          "finalFohStoreNo": null,
          "onlineGoodsCount": null,
          "orderTime": "2021-10-15T00:05:41.000+0000"
        },
        {
          "orderId": "72057597514499269",
          "onlineType": 1,
          "goodsCount": "3",
          "longitude": "121.443161",
          "latitude": "31.233509",
          "originFohStoreNo": null,
          "finalFohStoreNo": null,
          "onlineGoodsCount": null,
          "orderTime": "2021-10-15T00:05:41.000+0000"
        },
        {
          "orderId": "72057597514499269",
          "onlineType": 1,
          "goodsCount": "3",
          "longitude": "121.443161",
          "latitude": "31.233509",
          "originFohStoreNo": null,
          "finalFohStoreNo": null,
          "onlineGoodsCount": null,
          "orderTime": "2021-10-15T00:05:41.000+0000"
        },
        {
          "orderId": "72057597514441591",
          "onlineType": 1,
          "goodsCount": "4",
          "longitude": "121.443161",
          "latitude": "31.233509",
          "originFohStoreNo": null,
          "finalFohStoreNo": null,
          "onlineGoodsCount": null,
          "orderTime": "2021-10-15T00:02:22.000+0000"
        },
        {
          "orderId": "72057597514441591",
          "onlineType": 1,
          "goodsCount": "4",
          "longitude": "121.443161",
          "latitude": "31.233509",
          "originFohStoreNo": null,
          "finalFohStoreNo": null,
          "onlineGoodsCount": null,
          "orderTime": "2021-10-15T00:02:22.000+0000"
        },
        {
          "orderId": "72057597514441591",
          "onlineType": 1,
          "goodsCount": "4",
          "longitude": "121.443161",
          "latitude": "31.233509",
          "originFohStoreNo": null,
          "finalFohStoreNo": null,
          "onlineGoodsCount": null,
          "orderTime": "2021-10-15T00:02:22.000+0000"
        },
        {
          "orderId": "72057597514441591",
          "onlineType": 1,
          "goodsCount": "4",
          "longitude": "121.443161",
          "latitude": "31.233509",
          "originFohStoreNo": null,
          "finalFohStoreNo": null,
          "onlineGoodsCount": null,
          "orderTime": "2021-10-15T00:02:22.000+0000"
        },
        {
          "orderId": "72057597514132936",
          "onlineType": 1,
          "goodsCount": "1",
          "longitude": "121.440312",
          "latitude": "31.2342",
          "originFohStoreNo": null,
          "finalFohStoreNo": null,
          "onlineGoodsCount": null,
          "orderTime": "2021-10-15T00:05:33.000+0000"
        },
        {
          "orderId": "72057597513525776",
          "onlineType": 1,
          "goodsCount": "3",
          "longitude": "121.44121",
          "latitude": "31.23139",
          "originFohStoreNo": null,
          "finalFohStoreNo": null,
          "onlineGoodsCount": null,
          "orderTime": "2021-10-15T00:09:13.000+0000"
        },
        {
          "orderId": "72057597513525776",
          "onlineType": 1,
          "goodsCount": "3",
          "longitude": "121.44121",
          "latitude": "31.23139",
          "originFohStoreNo": null,
          "finalFohStoreNo": null,
          "onlineGoodsCount": null,
          "orderTime": "2021-10-15T00:09:13.000+0000"
        },
        {
          "orderId": "72057597513525776",
          "onlineType": 1,
          "goodsCount": "3",
          "longitude": "121.44121",
          "latitude": "31.23139",
          "originFohStoreNo": null,
          "finalFohStoreNo": null,
          "onlineGoodsCount": null,
          "orderTime": "2021-10-15T00:09:13.000+0000"
        }
      ],
      "onlineGoodsCount": 48,
      "storeName": "800秀店",
      "str": "2+2+3+3+3+4+4+4+4+1+3+3+3",
      "arr": [2, 2, 3, 3, 3, 4, 4, 4, 4, 1, 3, 3, 3],
      "timeArr": [
        "2021-10-15 09:17:06",
        "2021-10-15 09:17:06",
        "2021-10-15 08:05:41",
        "2021-10-15 08:05:41",
        "2021-10-15 08:05:41",
        "2021-10-15 08:02:22",
        "2021-10-15 08:02:22",
        "2021-10-15 08:02:22",
        "2021-10-15 08:02:22",
        "2021-10-15 08:05:33",
        "2021-10-15 08:09:13",
        "2021-10-15 08:09:13",
        "2021-10-15 08:09:13"
      ],
      "timeStr": "2021-10-15 09:17:06+2021-10-15 09:17:06+2021-10-15 08:05:41+2021-10-15 08:05:41+2021-10-15 08:05:41+2021-10-15 08:02:22+2021-10-15 08:02:22+2021-10-15 08:02:22+2021-10-15 08:02:22+2021-10-15 08:05:33+2021-10-15 08:09:13+2021-10-15 08:09:13+2021-10-15 08:09:13",
      "sumStr": 39
    },
    {
      "fohStoreNo": "57850",
      "longitude": "121.46277093874232",
      "latitude": "31.22900823910809",
      "orderCount": 7,
      "onlineCount": 4,
      "offlineCount": 3,
      "goodsCount": 61,
      "simulationOrderResVOS": [
        {
          "orderId": "72057597515545603",
          "onlineType": 1,
          "goodsCount": "1",
          "longitude": "121.462639",
          "latitude": "31.229024",
          "originFohStoreNo": null,
          "finalFohStoreNo": null,
          "onlineGoodsCount": null,
          "orderTime": "2021-10-15T01:33:55.000+0000"
        },
        {
          "orderId": "72057597515156989",
          "onlineType": 1,
          "goodsCount": "1",
          "longitude": "121.462639",
          "latitude": "31.229024",
          "originFohStoreNo": null,
          "finalFohStoreNo": null,
          "onlineGoodsCount": null,
          "orderTime": "2021-10-15T00:45:01.000+0000"
        },
        {
          "orderId": "72057597513947327",
          "onlineType": 1,
          "goodsCount": "2",
          "longitude": "121.462639",
          "latitude": "31.229024",
          "originFohStoreNo": null,
          "finalFohStoreNo": null,
          "onlineGoodsCount": null,
          "orderTime": "2021-10-15T00:05:20.000+0000"
        },
        {
          "orderId": "72057597513947327",
          "onlineType": 1,
          "goodsCount": "2",
          "longitude": "121.462639",
          "latitude": "31.229024",
          "originFohStoreNo": null,
          "finalFohStoreNo": null,
          "onlineGoodsCount": null,
          "orderTime": "2021-10-15T00:05:20.000+0000"
        }
      ],
      "onlineGoodsCount": 52,
      "storeName": "上海香港兴业中心二座店",
      "str": "1+1+2+2",
      "arr": [1, 1, 2, 2],
      "timeArr": [
        "2021-10-15 09:33:55",
        "2021-10-15 08:45:01",
        "2021-10-15 08:05:20",
        "2021-10-15 08:05:20"
      ],
      "timeStr": "2021-10-15 09:33:55+2021-10-15 08:45:01+2021-10-15 08:05:20+2021-10-15 08:05:20",
      "sumStr": 6
    },
    {
      "fohStoreNo": "23034",
      "longitude": "121.455773",
      "latitude": "31.248351",
      "orderCount": 10,
      "onlineCount": 4,
      "offlineCount": 6,
      "goodsCount": 70,
      "simulationOrderResVOS": [
        {
          "orderId": "72057597514460176",
          "onlineType": 1,
          "goodsCount": "5",
          "longitude": "121.455773",
          "latitude": "31.248351",
          "originFohStoreNo": null,
          "finalFohStoreNo": null,
          "onlineGoodsCount": null,
          "orderTime": "2021-10-15T00:02:02.000+0000"
        },
        {
          "orderId": "72057597514460176",
          "onlineType": 1,
          "goodsCount": "5",
          "longitude": "121.455773",
          "latitude": "31.248351",
          "originFohStoreNo": null,
          "finalFohStoreNo": null,
          "onlineGoodsCount": null,
          "orderTime": "2021-10-15T00:02:02.000+0000"
        },
        {
          "orderId": "72057597514460176",
          "onlineType": 1,
          "goodsCount": "5",
          "longitude": "121.455773",
          "latitude": "31.248351",
          "originFohStoreNo": null,
          "finalFohStoreNo": null,
          "onlineGoodsCount": null,
          "orderTime": "2021-10-15T00:02:02.000+0000"
        },
        {
          "orderId": "72057597514460176",
          "onlineType": 1,
          "goodsCount": "5",
          "longitude": "121.455773",
          "latitude": "31.248351",
          "originFohStoreNo": null,
          "finalFohStoreNo": null,
          "onlineGoodsCount": null,
          "orderTime": "2021-10-15T00:02:02.000+0000"
        }
      ],
      "onlineGoodsCount": 34,
      "storeName": "上海火车站南广场VIP店",
      "str": "5+5+5+5",
      "arr": [5, 5, 5, 5],
      "timeArr": [
        "2021-10-15 08:02:02",
        "2021-10-15 08:02:02",
        "2021-10-15 08:02:02",
        "2021-10-15 08:02:02"
      ],
      "timeStr": "2021-10-15 08:02:02+2021-10-15 08:02:02+2021-10-15 08:02:02+2021-10-15 08:02:02",
      "sumStr": 20
    },
    {
      "fohStoreNo": "64847",
      "longitude": "121.45885276768242",
      "latitude": "31.21577804801662",
      "orderCount": 24,
      "onlineCount": 19,
      "offlineCount": 5,
      "goodsCount": 64,
      "simulationOrderResVOS": [
        {
          "orderId": "72057597515626360",
          "onlineType": 1,
          "goodsCount": "5",
          "longitude": "121.458853",
          "latitude": "31.215778",
          "originFohStoreNo": null,
          "finalFohStoreNo": null,
          "onlineGoodsCount": null,
          "orderTime": "2021-10-15T01:41:48.000+0000"
        },
        {
          "orderId": "72057597515626360",
          "onlineType": 1,
          "goodsCount": "5",
          "longitude": "121.458853",
          "latitude": "31.215778",
          "originFohStoreNo": null,
          "finalFohStoreNo": null,
          "onlineGoodsCount": null,
          "orderTime": "2021-10-15T01:41:48.000+0000"
        },
        {
          "orderId": "72057597515626360",
          "onlineType": 1,
          "goodsCount": "5",
          "longitude": "121.458853",
          "latitude": "31.215778",
          "originFohStoreNo": null,
          "finalFohStoreNo": null,
          "onlineGoodsCount": null,
          "orderTime": "2021-10-15T01:41:48.000+0000"
        },
        {
          "orderId": "72057597515626360",
          "onlineType": 1,
          "goodsCount": "5",
          "longitude": "121.458853",
          "latitude": "31.215778",
          "originFohStoreNo": null,
          "finalFohStoreNo": null,
          "onlineGoodsCount": null,
          "orderTime": "2021-10-15T01:41:48.000+0000"
        },
        {
          "orderId": "72057597515626360",
          "onlineType": 1,
          "goodsCount": "5",
          "longitude": "121.458853",
          "latitude": "31.215778",
          "originFohStoreNo": null,
          "finalFohStoreNo": null,
          "onlineGoodsCount": null,
          "orderTime": "2021-10-15T01:41:48.000+0000"
        },
        {
          "orderId": "72057597515351473",
          "onlineType": 1,
          "goodsCount": "2",
          "longitude": "121.458853",
          "latitude": "31.215778",
          "originFohStoreNo": null,
          "finalFohStoreNo": null,
          "onlineGoodsCount": null,
          "orderTime": "2021-10-15T00:52:51.000+0000"
        },
        {
          "orderId": "72057597515351473",
          "onlineType": 1,
          "goodsCount": "2",
          "longitude": "121.458853",
          "latitude": "31.215778",
          "originFohStoreNo": null,
          "finalFohStoreNo": null,
          "onlineGoodsCount": null,
          "orderTime": "2021-10-15T00:52:51.000+0000"
        },
        {
          "orderId": "72057597515254084",
          "onlineType": 1,
          "goodsCount": "2",
          "longitude": "121.458853",
          "latitude": "31.215778",
          "originFohStoreNo": null,
          "finalFohStoreNo": null,
          "onlineGoodsCount": null,
          "orderTime": "2021-10-15T00:50:22.000+0000"
        },
        {
          "orderId": "72057597515254084",
          "onlineType": 1,
          "goodsCount": "2",
          "longitude": "121.458853",
          "latitude": "31.215778",
          "originFohStoreNo": null,
          "finalFohStoreNo": null,
          "onlineGoodsCount": null,
          "orderTime": "2021-10-15T00:50:22.000+0000"
        },
        {
          "orderId": "72057597515120497",
          "onlineType": 1,
          "goodsCount": "2",
          "longitude": "121.458853",
          "latitude": "31.215778",
          "originFohStoreNo": null,
          "finalFohStoreNo": null,
          "onlineGoodsCount": null,
          "orderTime": "2021-10-15T00:43:42.000+0000"
        },
        {
          "orderId": "72057597515120497",
          "onlineType": 1,
          "goodsCount": "2",
          "longitude": "121.458853",
          "latitude": "31.215778",
          "originFohStoreNo": null,
          "finalFohStoreNo": null,
          "onlineGoodsCount": null,
          "orderTime": "2021-10-15T00:43:42.000+0000"
        },
        {
          "orderId": "72057597515098858",
          "onlineType": 1,
          "goodsCount": "4",
          "longitude": "121.458853",
          "latitude": "31.215778",
          "originFohStoreNo": null,
          "finalFohStoreNo": null,
          "onlineGoodsCount": null,
          "orderTime": "2021-10-15T00:40:32.000+0000"
        },
        {
          "orderId": "72057597515098858",
          "onlineType": 1,
          "goodsCount": "4",
          "longitude": "121.458853",
          "latitude": "31.215778",
          "originFohStoreNo": null,
          "finalFohStoreNo": null,
          "onlineGoodsCount": null,
          "orderTime": "2021-10-15T00:40:32.000+0000"
        },
        {
          "orderId": "72057597515098858",
          "onlineType": 1,
          "goodsCount": "4",
          "longitude": "121.458853",
          "latitude": "31.215778",
          "originFohStoreNo": null,
          "finalFohStoreNo": null,
          "onlineGoodsCount": null,
          "orderTime": "2021-10-15T00:40:32.000+0000"
        },
        {
          "orderId": "72057597515098858",
          "onlineType": 1,
          "goodsCount": "4",
          "longitude": "121.458853",
          "latitude": "31.215778",
          "originFohStoreNo": null,
          "finalFohStoreNo": null,
          "onlineGoodsCount": null,
          "orderTime": "2021-10-15T00:40:32.000+0000"
        },
        {
          "orderId": "72057597514762789",
          "onlineType": 1,
          "goodsCount": "3",
          "longitude": "121.458853",
          "latitude": "31.215778",
          "originFohStoreNo": null,
          "finalFohStoreNo": null,
          "onlineGoodsCount": null,
          "orderTime": "2021-10-15T00:44:44.000+0000"
        },
        {
          "orderId": "72057597514762789",
          "onlineType": 1,
          "goodsCount": "3",
          "longitude": "121.458853",
          "latitude": "31.215778",
          "originFohStoreNo": null,
          "finalFohStoreNo": null,
          "onlineGoodsCount": null,
          "orderTime": "2021-10-15T00:44:44.000+0000"
        },
        {
          "orderId": "72057597514762789",
          "onlineType": 1,
          "goodsCount": "3",
          "longitude": "121.458853",
          "latitude": "31.215778",
          "originFohStoreNo": null,
          "finalFohStoreNo": null,
          "onlineGoodsCount": null,
          "orderTime": "2021-10-15T00:44:44.000+0000"
        },
        {
          "orderId": "72057597514571425",
          "onlineType": 1,
          "goodsCount": "1",
          "longitude": "121.458853",
          "latitude": "31.215778",
          "originFohStoreNo": null,
          "finalFohStoreNo": null,
          "onlineGoodsCount": null,
          "orderTime": "2021-10-15T00:11:01.000+0000"
        }
      ],
      "onlineGoodsCount": 39,
      "storeName": "上海环贸广场3楼店",
      "str": "5+5+5+5+5+2+2+2+2+2+2+4+4+4+4+3+3+3+1",
      "arr": [5, 5, 5, 5, 5, 2, 2, 2, 2, 2, 2, 4, 4, 4, 4, 3, 3, 3, 1],
      "timeArr": [
        "2021-10-15 09:41:48",
        "2021-10-15 09:41:48",
        "2021-10-15 09:41:48",
        "2021-10-15 09:41:48",
        "2021-10-15 09:41:48",
        "2021-10-15 08:52:51",
        "2021-10-15 08:52:51",
        "2021-10-15 08:50:22",
        "2021-10-15 08:50:22",
        "2021-10-15 08:43:42",
        "2021-10-15 08:43:42",
        "2021-10-15 08:40:32",
        "2021-10-15 08:40:32",
        "2021-10-15 08:40:32",
        "2021-10-15 08:40:32",
        "2021-10-15 08:44:44",
        "2021-10-15 08:44:44",
        "2021-10-15 08:44:44",
        "2021-10-15 08:11:01"
      ],
      "timeStr": "2021-10-15 09:41:48+2021-10-15 09:41:48+2021-10-15 09:41:48+2021-10-15 09:41:48+2021-10-15 09:41:48+2021-10-15 08:52:51+2021-10-15 08:52:51+2021-10-15 08:50:22+2021-10-15 08:50:22+2021-10-15 08:43:42+2021-10-15 08:43:42+2021-10-15 08:40:32+2021-10-15 08:40:32+2021-10-15 08:40:32+2021-10-15 08:40:32+2021-10-15 08:44:44+2021-10-15 08:44:44+2021-10-15 08:44:44+2021-10-15 08:11:01",
      "sumStr": 63
    }
  ]
}
