[
    {
        "x": 121.418038,
        "y": 31.240079
    },
    {
        "x": 121.451598,
        "y": 31.251013
    },
    {
        "x": 121.457864,
        "y": 31.253215
    },
    {
        "x": 121.477347,
        "y": 31.246537
    },
    {
        "x": 121.490479,
        "y": 31.237071
    },
    {
        "x": 121.500779,
        "y": 31.218869
    },
    {
        "x": 121.494256,
        "y": 31.21006
    },
    {
        "x": 121.473313,
        "y": 31.209253
    },
    {
        "x": 121.4425,
        "y": 31.212556
    },
    {
        "x": 121.418382,
        "y": 31.215492
    }
]