[
  {
    "x": 121.466108,
    "y": 31.234497
  },
  {
    "x": 121.461559,
    "y": 31.233066
  },
  {
    "x": 121.455422,
    "y": 31.230167
  },
  {
    "x": 121.451259,
    "y": 31.228993
  },
  {
    "x": 121.442977,
    "y": 31.224956
  },
  {
    "x": 121.438728,
    "y": 31.225396
  },
  {
    "x": 121.432634,
    "y": 31.231415
  },
  {
    "x": 121.429673,
    "y": 31.233543
  },
  {
    "x": 121.426283,
    "y": 31.236148
  },
  {
    "x": 121.431003,
    "y": 31.23901
  },
  {
    "x": 121.429244,
    "y": 31.24378
  },
  {
    "x": 121.433707,
    "y": 31.245358
  },
  {
    "x": 121.43405,
    "y": 31.249321
  },
  {
    "x": 121.437698,
    "y": 31.247853
  },
  {
    "x": 121.440788,
    "y": 31.2531
  },
  {
    "x": 121.44229,
    "y": 31.250128
  },
  {
    "x": 121.444049,
    "y": 31.249688
  },
  {
    "x": 121.449242,
    "y": 31.251008
  },
  {
    "x": 121.450744,
    "y": 31.250568
  },
  {
    "x": 121.448384,
    "y": 31.245211
  },
  {
    "x": 121.449242,
    "y": 31.243487
  },
  {
    "x": 121.453705,
    "y": 31.240552
  },
  {
    "x": 121.457439,
    "y": 31.237836
  },
  {
    "x": 121.462803,
    "y": 31.241102
  }
]